{"cameraMode":{"drawMode":0,"name":"Shaded","section":"Shading Mode"},"sceneLighting":true,"audioPlay":false,"sceneViewState":{"m_AlwaysRefresh":false,"showFog":true,"showSkybox":true,"showFlares":true,"showImageEffects":true,"showParticleSystems":true,"showVisualEffectGraphs":true,"m_FxEnabled":true},"in2DMode":false,"pivot":{"x":0.06615972518920899,"y":-0.1643073558807373,"z":0.05257701873779297},"rotation":{"x":-0.09174959361553192,"y":0.8971126675605774,"z":-0.22197385132312776,"w":-0.3708080053329468},"size":3.6179723739624025,"orthographic":false}