{"cameraMode":{"drawMode":0,"name":"Shaded","section":"Shading Mode"},"sceneLighting":true,"audioPlay":false,"sceneViewState":{"m_AlwaysRefresh":false,"showFog":true,"showSkybox":true,"showFlares":true,"showImageEffects":true,"showParticleSystems":true,"showVisualEffectGraphs":true,"m_FxEnabled":true},"in2DMode":false,"pivot":{"x":-0.6676255464553833,"y":0.9524403810501099,"z":-0.1467575877904892},"rotation":{"x":0.015743622556328775,"y":0.026993386447429658,"z":-0.000425179983722046,"w":0.9995116591453552},"size":4.345504283905029,"orthographic":false}